name;description;image
Artificial Intelligence;Passion to implement and develop AI models to solve real life problems.;ai_ann.png
Big Data;Develop and mantain data science projects in Big Data enviroments using PySpark, AWS and Airflow.;big_data.png
Business;Leading pricing and product squad in a fashion retail company. Experience in a wide industries working as consultant, translating bussiness needs into project requirements.;business.png
Programming;Experience implementing software, maintaining it and reviewing code. Proficency working in very complex project in big data architectures.;programming.png
Visualization;Analyze and process data to prepare visualization and dashboards that helps to understand data and present results to stakeholders.;visualization.png
Healthcare;Background in Neuroscience and Biology, great interest in apply Machine Learning algorithms in healthcare problems.;neuroscience.png
